﻿Designator,Footprint,Quantity,Value,LCSC Part #
BT1,BatteryHolder_Keystone_3002_1x2032,1,CR2032,
"C1, C3, C4, C6, C7, C8",0603,6,100nF,
"C10, C11, C2, C5, C9",0805,5,10uF,
D1,0603,1,PC4,
D2,0603,1,PC7,
D3,0603,1,PA2,
D4,0603,1,PA1,
D5,0603,1,POWER,
"FID1, FID2, FID3",Fiducial_0.75mm_Mask1.5mm,3,Fiducial,
"H1, H2, H3, H4",MountingHole_3.2mm_M3_Pad,4,MountingHole_Pad,
J1,PinHeader_1x04_P2.54mm_Horizontal,1,UART,
J2,PinHeader_1x03_P2.54mm_Horizontal,1,SWIO,
J3,PinHeader_1x08_P2.54mm_Horizontal,1,SPI,
Q1,SOT-23-6_Handsoldering,1,SIL2308,
"R1, R2, R20, R3, R4, R7, R9",0603,7,1K,
"R10, R11, R12, R13, R14, R15, R16, R17, R6, R8",0603,10,47R,
"R18, R19, R5",0603,3,10K,
SW1,SW_Push_1P1T_NO_CK_KSC6xxJ,1,USER,
SW2,SW_Push_1P1T_NO_CK_KSC6xxJ,1,ON,
SW3,SW_Push_1P1T_NO_CK_KSC6xxJ,1,RESET,
TP1,TestPoint_THTPad_D1.5mm_Drill0.7mm,1,SDA,
TP10,TestPoint_THTPad_D1.5mm_Drill0.7mm,1,+VBAT,
"TP11, TP3",TestPoint_THTPad_D1.5mm_Drill0.7mm,2,+3V,
TP2,TestPoint_THTPad_D1.5mm_Drill0.7mm,1,SCL,
"TP4, TP9",TestPoint_THTPad_D1.5mm_Drill0.7mm,2,GND,
TP5,TestPoint_THTPad_D1.5mm_Drill0.7mm,1,PC4,
TP6,TestPoint_THTPad_D1.5mm_Drill0.7mm,1,PC7,
TP7,TestPoint_THTPad_D1.5mm_Drill0.7mm,1,PA2,
TP8,TestPoint_THTPad_D1.5mm_Drill0.7mm,1,PA1,
U1,TSSOP-20_4.4x6.5mm_P0.65mm,1,CH32V003F4P6,
U2,OLED 128x64 1.3in,1,"OLED 128x64 1.3""",
U3,EPAPER_1.54in_200x200,1,"EPD 200x200 1.54""",
U4,EPAPER_2.13in_250x122,1,"EPD 250x122 2.13""",
